-- MySQL dump 10.13  Distrib 5.7.24, for Linux (x86_64)
--
-- Host: localhost    Database: agudos
-- ------------------------------------------------------
-- Server version	5.7.24-0ubuntu0.16.04.1

/*!40101 SET @OLD_CHARACTER_SET_CLIENT=@@CHARACTER_SET_CLIENT */;
/*!40101 SET @OLD_CHARACTER_SET_RESULTS=@@CHARACTER_SET_RESULTS */;
/*!40101 SET @OLD_COLLATION_CONNECTION=@@COLLATION_CONNECTION */;
/*!40101 SET NAMES utf8 */;
/*!40103 SET @OLD_TIME_ZONE=@@TIME_ZONE */;
/*!40103 SET TIME_ZONE='+00:00' */;
/*!40014 SET @OLD_UNIQUE_CHECKS=@@UNIQUE_CHECKS, UNIQUE_CHECKS=0 */;
/*!40014 SET @OLD_FOREIGN_KEY_CHECKS=@@FOREIGN_KEY_CHECKS, FOREIGN_KEY_CHECKS=0 */;
/*!40101 SET @OLD_SQL_MODE=@@SQL_MODE, SQL_MODE='NO_AUTO_VALUE_ON_ZERO' */;
/*!40111 SET @OLD_SQL_NOTES=@@SQL_NOTES, SQL_NOTES=0 */;

--
-- Table structure for table `balance`
--

DROP TABLE IF EXISTS `balance`;
/*!40101 SET @saved_cs_client     = @@character_set_client */;
/*!40101 SET character_set_client = utf8 */;
CREATE TABLE `balance` (
  `id` int(11) NOT NULL AUTO_INCREMENT,
  `user_id` int(11) NOT NULL,
  `value` decimal(15,2) NOT NULL,
  `year` int(11) NOT NULL,
  `month` int(11) NOT NULL,
  `type` varchar(45) DEFAULT NULL,
  `created` datetime DEFAULT NULL,
  `created_by` int(11) DEFAULT NULL,
  `updated` datetime DEFAULT NULL,
  `updated_by` int(11) DEFAULT NULL,
  `deleted` datetime DEFAULT NULL,
  `deleted_by` int(11) DEFAULT NULL,
  PRIMARY KEY (`id`),
  UNIQUE KEY `uSER_MONTH_YEAR_TYPE` (`user_id`,`year`,`month`,`type`),
  CONSTRAINT `fk_balance_user` FOREIGN KEY (`user_id`) REFERENCES `users` (`id`) ON DELETE NO ACTION ON UPDATE NO ACTION
) ENGINE=InnoDB AUTO_INCREMENT=13 DEFAULT CHARSET=latin1;
/*!40101 SET character_set_client = @saved_cs_client */;

--
-- Dumping data for table `balance`
--

LOCK TABLES `balance` WRITE;
/*!40000 ALTER TABLE `balance` DISABLE KEYS */;
INSERT INTO `balance` VALUES (3,85,201.00,2018,3,'1',NULL,NULL,NULL,NULL,NULL,NULL),(5,85,400.00,2018,4,'2',NULL,NULL,NULL,NULL,NULL,NULL),(6,85,200.00,2018,4,'1',NULL,NULL,NULL,NULL,NULL,NULL),(7,85,300.50,2018,6,NULL,NULL,NULL,NULL,NULL,NULL,NULL),(8,88,200.00,2019,1,NULL,NULL,NULL,NULL,NULL,NULL,NULL),(9,89,600.00,2019,1,NULL,NULL,NULL,NULL,NULL,NULL,NULL),(10,83,300.00,2018,11,'1',NULL,NULL,NULL,NULL,NULL,NULL),(11,86,800.00,2018,11,'1',NULL,NULL,NULL,NULL,NULL,NULL),(12,83,1000.00,2018,11,'2',NULL,NULL,NULL,NULL,NULL,NULL);
/*!40000 ALTER TABLE `balance` ENABLE KEYS */;
UNLOCK TABLES;

--
-- Table structure for table `establishments`
--

DROP TABLE IF EXISTS `establishments`;
/*!40101 SET @saved_cs_client     = @@character_set_client */;
/*!40101 SET character_set_client = utf8 */;
CREATE TABLE `establishments` (
  `id` int(11) NOT NULL AUTO_INCREMENT,
  `name` varchar(150) NOT NULL,
  `cnpj` varchar(45) NOT NULL,
  `password` varchar(150) NOT NULL,
  `description` varchar(150) NOT NULL,
  `created` datetime DEFAULT NULL,
  `created_by` int(11) DEFAULT NULL,
  `updated` datetime DEFAULT NULL,
  `updated_by` int(11) DEFAULT NULL,
  `deleted` datetime DEFAULT NULL,
  `deleted_by` int(11) DEFAULT NULL,
  `code` int(11) NOT NULL,
  `email` varchar(150) DEFAULT NULL,
  PRIMARY KEY (`id`),
  UNIQUE KEY `cnpj` (`cnpj`),
  UNIQUE KEY `code_UNIQUE` (`code`)
) ENGINE=InnoDB AUTO_INCREMENT=16 DEFAULT CHARSET=latin1;
/*!40101 SET character_set_client = @saved_cs_client */;

--
-- Dumping data for table `establishments`
--

LOCK TABLES `establishments` WRITE;
/*!40000 ALTER TABLE `establishments` DISABLE KEYS */;
INSERT INTO `establishments` VALUES (8,'Teste 2','78744244000176','$2y$12$tYNzbWiPsoX2D/TPqv14DuExNh5phNi3We9kihqegorrQVpCMGkI.','teste',NULL,NULL,NULL,NULL,NULL,NULL,1,'teste@gmail.com'),(14,'Estabelecimento 1','07237846000199','$2y$12$tYNzbWiPsoX2D/TPqv14Duuabio9IDMEseu6PXWxZ/qQeEQsFchQu','Estabelecimento 1',NULL,NULL,NULL,NULL,NULL,NULL,2,'teste@teste.com'),(15,'Estabelecimento 2','56531196000103','$2y$12$tYNzbWiPsoX2D/TPqv14Du6PAu8081hNumf1fnemufQz04ADJ9QX2','Estabelecimento 2',NULL,NULL,NULL,NULL,NULL,NULL,3,'est2@gmail.com');
/*!40000 ALTER TABLE `establishments` ENABLE KEYS */;
UNLOCK TABLES;

--
-- Table structure for table `transactions`
--

DROP TABLE IF EXISTS `transactions`;
/*!40101 SET @saved_cs_client     = @@character_set_client */;
/*!40101 SET character_set_client = utf8 */;
CREATE TABLE `transactions` (
  `id` int(11) NOT NULL AUTO_INCREMENT,
  `establishment_id` int(11) NOT NULL,
  `user_id` int(11) NOT NULL,
  `value` decimal(15,2) NOT NULL,
  `date` datetime NOT NULL,
  `comments` varchar(100) DEFAULT NULL,
  `status` varchar(45) DEFAULT NULL,
  `created` datetime DEFAULT NULL,
  `created_by` int(11) DEFAULT NULL,
  `updated` datetime DEFAULT NULL,
  `updated_by` int(11) DEFAULT NULL,
  `deleted` datetime DEFAULT NULL,
  `deleted_by` int(11) DEFAULT NULL,
  PRIMARY KEY (`id`)
) ENGINE=InnoDB AUTO_INCREMENT=8 DEFAULT CHARSET=latin1;
/*!40101 SET character_set_client = @saved_cs_client */;

--
-- Dumping data for table `transactions`
--

LOCK TABLES `transactions` WRITE;
/*!40000 ALTER TABLE `transactions` DISABLE KEYS */;
INSERT INTO `transactions` VALUES (1,14,83,63.33,'2018-11-20 00:00:00','1/3','1',NULL,NULL,NULL,NULL,NULL,NULL),(2,14,83,63.33,'2018-12-20 00:00:00','2/3','1',NULL,NULL,NULL,NULL,NULL,NULL),(3,14,83,63.33,'2019-01-20 00:00:00','3/3','1',NULL,NULL,NULL,NULL,NULL,NULL),(4,14,83,63.33,'2018-11-20 00:00:00','1/3','1',NULL,NULL,NULL,NULL,NULL,NULL),(5,14,83,63.33,'2018-12-20 00:00:00','2/3','1',NULL,NULL,NULL,NULL,NULL,NULL),(6,14,83,63.33,'2019-01-20 00:00:00','3/3','1',NULL,NULL,NULL,NULL,NULL,NULL),(7,1,83,300.00,'2018-11-21 00:00:00','À Vista','1',NULL,NULL,NULL,NULL,NULL,NULL);
/*!40000 ALTER TABLE `transactions` ENABLE KEYS */;
UNLOCK TABLES;

--
-- Table structure for table `user_types`
--

DROP TABLE IF EXISTS `user_types`;
/*!40101 SET @saved_cs_client     = @@character_set_client */;
/*!40101 SET character_set_client = utf8 */;
CREATE TABLE `user_types` (
  `id` int(11) NOT NULL AUTO_INCREMENT,
  `name` varchar(100) NOT NULL,
  `created` datetime DEFAULT NULL,
  `created_by` int(11) DEFAULT NULL,
  `modified` datetime DEFAULT NULL,
  `modified_by` int(11) DEFAULT NULL,
  `deleted` datetime DEFAULT NULL,
  `deleted_by` int(11) DEFAULT NULL,
  PRIMARY KEY (`id`)
) ENGINE=InnoDB AUTO_INCREMENT=7 DEFAULT CHARSET=latin1;
/*!40101 SET character_set_client = @saved_cs_client */;

--
-- Dumping data for table `user_types`
--

LOCK TABLES `user_types` WRITE;
/*!40000 ALTER TABLE `user_types` DISABLE KEYS */;
INSERT INTO `user_types` VALUES (2,'admin','2018-05-15 02:00:10',1,'2018-05-15 02:00:10',1,NULL,NULL),(3,'dev','2018-05-15 02:00:10',1,'2018-05-15 02:00:10',1,NULL,NULL),(5,'funcionario','2018-10-16 00:28:14',1,'2018-10-16 00:28:14',1,NULL,NULL),(6,'stab',NULL,NULL,NULL,NULL,NULL,NULL);
/*!40000 ALTER TABLE `user_types` ENABLE KEYS */;
UNLOCK TABLES;

--
-- Table structure for table `users`
--

DROP TABLE IF EXISTS `users`;
/*!40101 SET @saved_cs_client     = @@character_set_client */;
/*!40101 SET character_set_client = utf8 */;
CREATE TABLE `users` (
  `id` int(11) NOT NULL AUTO_INCREMENT,
  `name` varchar(100) NOT NULL,
  `email` varchar(100) DEFAULT NULL,
  `username` varchar(100) NOT NULL,
  `password` varchar(255) NOT NULL,
  `user_type_id` int(11) DEFAULT NULL,
  `created` datetime DEFAULT NULL,
  `created_by` int(11) DEFAULT NULL,
  `modified` datetime DEFAULT NULL,
  `modified_by` int(11) DEFAULT NULL,
  `deleted` datetime DEFAULT NULL,
  `deleted_by` int(11) DEFAULT NULL,
  `is_active` tinyint(1) DEFAULT NULL,
  `cpf` varchar(11) DEFAULT NULL,
  `code` varchar(20) NOT NULL,
  PRIMARY KEY (`id`),
  UNIQUE KEY `username` (`username`),
  UNIQUE KEY `code_UNIQUE` (`code`),
  KEY `user_type_id` (`user_type_id`),
  CONSTRAINT `users_ibfk_1` FOREIGN KEY (`user_type_id`) REFERENCES `user_types` (`id`)
) ENGINE=InnoDB AUTO_INCREMENT=90 DEFAULT CHARSET=latin1;
/*!40101 SET character_set_client = @saved_cs_client */;

--
-- Dumping data for table `users`
--

LOCK TABLES `users` WRITE;
/*!40000 ALTER TABLE `users` DISABLE KEYS */;
INSERT INTO `users` VALUES (1,'Administrador do Sistema','alves.rodrigo31@outlook.com','admin','$2y$12$tYNzbWiPsoX2D/TPqv14Duuu88pcX6t5ub2aXeEupAptCxx6UlMXy',3,'2018-05-07 13:48:42',1,'2018-10-16 13:17:42',1,NULL,NULL,1,NULL,'1'),(83,'Rodrigo Alves','alves.rodrigo31@outlook.com','35843016889','$2y$12$tYNzbWiPsoX2D/TPqv14DuExNh5phNi3We9kihqegorrQVpCMGkI.',5,NULL,NULL,NULL,NULL,NULL,NULL,1,'35843016889','2'),(85,'Funcionário Teste','funcionario@teste.com.br','65397334022','$2y$12$tYNzbWiPsoX2D/TPqv14DuhTI9x2nFb/EA5/acmUUk4LBR.5oh9v6',5,NULL,NULL,NULL,NULL,NULL,NULL,1,'65397334022','3'),(86,'Luciana Digna das Neves','ld@gmail.com','36959735874','$2y$12$tYNzbWiPsoX2D/TPqv14DulH/bqGCvLVgb14WDMBLMrlkAZN0/T3S',5,NULL,NULL,NULL,NULL,NULL,NULL,NULL,'36959735874','4'),(88,'João da Silva','js@gmail.com','16899463008','$2y$12$tYNzbWiPsoX2D/TPqv14DuZy4/6AkmfkhsJttNIOR6yOCzYiFsZoW',5,NULL,NULL,NULL,NULL,NULL,NULL,NULL,'16899463008','5'),(89,'Raul Alves','ra@gmail.com','63140455097','$2y$12$tYNzbWiPsoX2D/TPqv14DuQBoqgirf4nPC1/l58B4ewGkWghy3Gqm',5,NULL,NULL,NULL,NULL,NULL,NULL,NULL,'63140455097','6');
/*!40000 ALTER TABLE `users` ENABLE KEYS */;
UNLOCK TABLES;
/*!40103 SET TIME_ZONE=@OLD_TIME_ZONE */;

/*!40101 SET SQL_MODE=@OLD_SQL_MODE */;
/*!40014 SET FOREIGN_KEY_CHECKS=@OLD_FOREIGN_KEY_CHECKS */;
/*!40014 SET UNIQUE_CHECKS=@OLD_UNIQUE_CHECKS */;
/*!40101 SET CHARACTER_SET_CLIENT=@OLD_CHARACTER_SET_CLIENT */;
/*!40101 SET CHARACTER_SET_RESULTS=@OLD_CHARACTER_SET_RESULTS */;
/*!40101 SET COLLATION_CONNECTION=@OLD_COLLATION_CONNECTION */;
/*!40111 SET SQL_NOTES=@OLD_SQL_NOTES */;

-- Dump completed on 2018-11-21 12:25:23
